Campo1,Campo2_texto,Campo2_enlaces,Campo3_texto,Campo3_enlaces,Campo4_texto,Campo4_enlaces
Hace 19 horas,"
                                        Arequipa: mujer fue asesinada de varias puñaladas en su vivienda en el distrito de Paucarpata                                    ",https://rpp.pe/peru/arequipa/arequipa-mujer-fue-asesinada-de-varias-punaladas-en-su-vivienda-en-el-distrito-de-paucarpata-noticia-1508561,"
                                        Arequipa                                    ",https://rpp.pe/peru/arequipa,Pedro Luis Ramos Martinez,https://rpp.pe/autor/pramos
Hace 19 horas,"
                                        “No es una sorpresa”: Transparencia cuestionó archivamiento de dos denuncias contra el presidente del Congreso                                    ",https://rpp.pe/politica/congreso/alejandro-soto-transparencia-cuestiono-archivamiento-denuncias-contra-el-presidente-del-congreso-noticia-1508568,"
                                        Congreso                                    ",https://rpp.pe/politica/congreso,Sergio Espinoza,https://rpp.pe/autor/sespinoza
Hace 20 horas,"
                                        Procuraduría pide que Zoraida Ávalos pague S/200 000 como reparación por suspender investigación a Pedro Castillo                                    ",https://rpp.pe/politica/judiciales/zoraida-avalos-procuraduria-pide-s-200-000-como-reparacion-civil-por-suspender-investigacion-a-pedro-castillo-noticia-1508573,"
                                        Judiciales                                    ",https://rpp.pe/politica/judiciales,Julio Cisneros,https://rpp.pe/autor/jcisneros
Hace 20 horas,"
                                        Roberto Sánchez: “No he tomado ningún centavo” de la caja chica del Mincetur                                    ",https://rpp.pe/politica/actualidad/roberto-sanchez-no-he-tomado-ningun-centavo-de-la-caja-chica-del-mincetur-noticia-1508566,"
                                        Lima                                    ",https://rpp.pe/politica/actualidad,,
Hace 20 horas,"
                                        Ciudadana reitera pedido de ayuda para que su padre sea operado de la vista                                    ",https://rpp.pe/rotafono/servicios-publicos/ciudadana-reitera-pedido-de-ayuda-para-que-su-padre-sea-operado-de-la-vista-noticia-1508509,"
                                        Servicios públicos                                    ",https://rpp.pe/rotafono/servicios-publicos,Victor Pacheco,https://rpp.pe/autor/vpacheco
Hace 20 horas,"
                                        La Victoria: niño espera cita en el hospital Almenara hace 7 meses                                    ",https://rpp.pe/rotafono/servicios-publicos/la-victoria-nino-espera-cita-en-el-hospital-almenara-hace-7-meses-noticia-1508516,"
                                        Servicios públicos                                    ",https://rpp.pe/rotafono/servicios-publicos,Angela Ximena Espejo Rojas,https://rpp.pe/autor/aespejo
Hace 20 horas,"
                                        Universitario vs. UTC: resumen y goles de la victoria crema por la fecha 17 del Torneo Clausura                                    ",https://rpp.pe/futbol/descentralizado/universitario-vs-utc-como-cuando-y-donde-ver-en-directo-partido-por-fecha-17-del-torneo-clausura-2023-de-liga-1-betsson-noticia-1508279,"
                                        Descentralizado                                    ",https://rpp.pe/futbol/descentralizado,Erick Chavez,https://rpp.pe/autor/echavez
Hace 21 horas,"
                                        En un partido perfecto, Universitario derrotó 3-0 a UTC y es líder del Torneo Clausura                                    ",https://rpp.pe/futbol/descentralizado/universitario-vs-utc-en-vivo-via-golperu-ver-en-directo-online-futbol-libre-partidazo-en-el-monumental-por-la-fecha-17-del-torneo-clausura-de-la-liga-1-noticia-1508314,"
                                        Descentralizado                                    ",https://rpp.pe/futbol/descentralizado,Erick Chavez,https://rpp.pe/autor/echavez
Hace 21 horas,"
                                        Terrible error de Patrick Zubczuk que terminó en gol de Edison Flores [VIDEO]                                    ",https://rpp.pe/futbol/descentralizado/ver-gol-universitario-de-deportes-vs-utc-error-de-patrick-zubzuck-que-genero-la-anotacion-de-edison-flores-video-noticia-1508559,"
                                        Descentralizado                                    ",https://rpp.pe/futbol/descentralizado,Erick Chavez,https://rpp.pe/autor/echavez
Hace 21 horas,"
                                        De cabeza y a celebrar: Riveros anotó el segundo gol de Universitario ante UTC [VIDEO]                                    ",https://rpp.pe/futbol/descentralizado/universitario-vs-utc-williams-riveros-anoto-de-cabeza-el-segundo-gol-crema-video-noticia-1508558,"
                                        Descentralizado                                    ",https://rpp.pe/futbol/descentralizado,Jean Dueñas,https://rpp.pe/autor/jduenas
Hace 21 horas,"
                                        Luciana Fuster viajó a Vietnam para el Miss Grand Internacional 2023                                    ",https://rpp.pe/cultura/mas-cultura/luciana-fuster-viajo-a-vietman-para-el-miss-grand-internacional-2023-noticia-1508556,"
                                        Más Cultura                                    ",https://rpp.pe/cultura/mas-cultura,Brenda García Retamal,https://rpp.pe/autor/bgarcia
Hace 22 horas,"
                                        Diego Bazán negó blindaje a Alejandro Soto: ""Lamento mucho que se haya dado esa votación""                                    ",https://rpp.pe/politica/congreso/diego-bazan-nego-blindaje-a-alejandro-soto-lamento-mucho-que-se-haya-dado-esa-votacion-noticia-1508554,"
                                        Congreso                                    ",https://rpp.pe/politica/congreso,Pedro Luis Ramos Martinez,https://rpp.pe/autor/pramos
Hace 22 horas,"
                                        ¡Golazo! Urruti lanzó un bombazo desde fuera del área y puso el 1-0 para Universitario [UTC]                                    ",https://rpp.pe/futbol/descentralizado/ver-gol-universitario-de-deportes-vs-utc-luis-urruti-anoto-el-1-0-de-un-disparo-desde-fuera-del-area-video-noticia-1508557,"
                                        Descentralizado                                    ",https://rpp.pe/futbol/descentralizado,Erick Chavez,https://rpp.pe/autor/echavez
Hace 22 horas,"
                                        Ministerio de Justicia definirá próximamente la situación de Daniel Soria tras recibir informe de la Contraloría                                    ",https://rpp.pe/politica/gobierno/daniel-soria-ministerio-de-justicia-definira-su-situacion-tras-recibir-informe-de-la-contraloria-noticia-1508553,"
                                        Gobierno                                    ",https://rpp.pe/politica/gobierno,Sergio Espinoza,https://rpp.pe/autor/sespinoza
Hace 23 horas,"
                                        Vecinos del editor de 'Saw X' llamaron a la polícia tras escuchar 'gritos de tortura' desde su oficina                                    ",https://rpp.pe/cine/internacional/saw-x-vecinos-del-editor-llamaron-a-la-policia-tras-escuchar-gritos-de-tortura-desde-su-oficina-noticia-1508283,"
                                        Internacional                                    ",https://rpp.pe/cine/internacional,Brenda García Retamal,https://rpp.pe/autor/bgarcia
Hace 23 horas,"
                                        Jugadores de Alianza Lima recibieron al equipo campeón de Futsal Down previo al duelo ante Binacional                                    ",https://rpp.pe/futbol/descentralizado/alianza-lima-jugadores-del-primer-equipo-recibieron-al-equipo-campeon-de-futbsal-down-noticia-1508552,"
                                        Descentralizado                                    ",https://rpp.pe/futbol/descentralizado,José Luis Blanco Pagán,https://rpp.pe/autor/jblanco
Hace 23 horas,"
                                        Comisión de Ética Parlamentaria recomienda suspender por 120 días a María Cordero Jon Tay por presunto recorte de sueldo a sus trabajadores                                    ",https://rpp.pe/politica/congreso/maria-cordero-jon-tay-comision-de-etica-recomienda-suspenderla-por-120-dias-por-recorte-de-sueldo-a-trabajadores-noticia-1508551,"
                                        Congreso                                    ",https://rpp.pe/politica/congreso,Pedro Luis Ramos Martinez,https://rpp.pe/autor/pramos
Hace 23 horas,"
                                        Franco Zanelatto, emocionado por su primera convocatoria a la Selección: ""Es fruto del trabajo que hago día a día""                                    ",https://rpp.pe/futbol/seleccion-peruana/franco-zanelatto-convocado-a-la-seleccion-peruana-es-fruto-del-trabajo-que-hago-dia-a-dia-noticia-1508549,"
                                        Selección Peruana                                    ",https://rpp.pe/futbol/seleccion-peruana,Erick Chavez,https://rpp.pe/autor/echavez
Hace 23 horas,"
                                        Kiernan Shipka está en Perú: actriz de 'El mundo oculto de Sabrina' visitó Barranco y cenó en Central                                    ",https://rpp.pe/famosos/celebridades/kiernan-shipka-esta-en-peru-actriz-de-el-mundo-oculto-de-sabrina-visito-barranco-y-ceno-en-central-fotos-noticia-1508550,"
                                        Celebridades                                    ",https://rpp.pe/famosos/celebridades,Brenda García Retamal,https://rpp.pe/autor/bgarcia
Hace 23 horas,"
                                        Alcaldes de distritos de Lima Metropolitana aseguran estar ""conformes"" con la explicación de Sedapal por anunciado corte de agua                                    ",https://rpp.pe/lima/actualidad/sedapal-alcaldes-de-distritos-de-lima-metropolitana-estan-conformes-con-explicacion-por-anunciado-corte-de-agua-noticia-1508538,"
                                        Lima                                    ",https://rpp.pe/lima/actualidad,Pedro Luis Ramos Martinez,https://rpp.pe/autor/pramos
Hace un día,"
                                        Imelda Tumialán dice que la JNJ se mantendrá ""firme"" en la defensa de la independencia del sistema de justicia                                    ",https://rpp.pe/politica/actualidad/imelda-tumialan-jnj-se-mantendra-firme-en-la-defensa-de-la-independencia-del-sistema-de-justicia-noticia-1508541,"
                                        Lima                                    ",https://rpp.pe/politica/actualidad,,
Hace un día,"
                                        Robos a viviendas se han reducido en un 40 % durante estado de emergencia en SJL, afirma alcalde                                    ",https://rpp.pe/lima/actualidad/jesus-maldonado-robos-a-viviendas-se-han-reducido-en-un-40-en-estado-de-emergencia-en-sjl-noticia-1508544,"
                                        Lima                                    ",https://rpp.pe/lima/actualidad,Sergio Espinoza,https://rpp.pe/autor/sespinoza
Hace un día,"
                                        Comisión de Ética Parlamentaria manda al archivo dos denuncias contra el presidente del Congreso                                    ",https://rpp.pe/politica/congreso/alejandro-soto-comision-de-etica-manda-al-archivo-dos-denuncias-contra-presidente-del-congreso-noticia-1508543,"
                                        Congreso                                    ",https://rpp.pe/politica/congreso,Pedro Luis Ramos Martinez,https://rpp.pe/autor/pramos
Hace un día,"
                                        RPP te lleva el estadio: gana 1 entrada doble occidente y 3 entradas dobles oriente para el partido Universitario vs. UTC por La Liga 1                                    ",https://rpp.pe/lima/actualidad/rpp-te-lleva-el-estadio-gana-1-entrada-doble-occidente-y-3-entradas-dobles-oriente-para-el-partido-universitario-vs-utc-por-la-liga-1-noticia-1508548,"
                                        Lima                                    ",https://rpp.pe/lima/actualidad,,
Hace un día,"
                                        La inflación se desacelera, ¿será un alivio para los peruanos?                                    ",https://rpp.pe/economia/economia/la-inflacion-se-desacelera-sera-un-alivio-para-los-peruanos-noticia-1508539,"
                                        Economía                                    ",https://rpp.pe/economia/economia,Maritza Saenz,https://rpp.pe/autor/msaenz
Hace un día,"
                                        Seis sujetos armados asaltan un tragamonedas en el Cercado de Lima y se llevan 2 mil soles                                    ",https://rpp.pe/lima/actualidad/cercado-de-lima-seis-sujetos-armados-asaltan-un-tragamonedas-y-se-llevan-2-mil-soles-noticia-1508534,"
                                        Lima                                    ",https://rpp.pe/lima/actualidad,Pedro Luis Ramos Martinez,https://rpp.pe/autor/pramos
Hace un día,"
                                        ¿Cuál es el mejor momento para el destete y adopción de un cachorro?                                    ",https://rpp.pe/peru/actualidad/cual-es-el-mejor-momento-para-el-destete-y-adopcion-de-un-cachorro-noticia-1508536,"
                                        Actualidad                                    ",https://rpp.pe/peru/actualidad,Andrés Gallegos,https://rpp.pe/autor/agallegos
Hace un día,"
                                        Emanuel Noir se conmueve al ser sorprendido con propuesta de matrimonio de su novia [VIDEO]                                    ",https://rpp.pe/famosos/celebridades/emanuel-noir-se-conmueve-al-ser-sorprendido-con-propuesta-de-matrimonio-de-su-novia-video-noticia-1508532,"
                                        Celebridades                                    ",https://rpp.pe/famosos/celebridades,Brenda García Retamal,https://rpp.pe/autor/bgarcia
Hace un día,"
                                        Manuel Lorenzo Vidaurre: a los 250 años de su natalicio                                    ",https://rpp.pe/columnistas/ricardoleninalfredofallacarrillo/manuel-lorenzo-vidaurre-a-los-250-anos-de-su-natalicio-noticia-1508751,"
                                        Ricardo L. Falla Carrillo                                    ",https://rpp.pe/columnistas/ricardoleninalfredofallacarrillo,Ricardo L.  Falla Carrillo,https://rpp.pe/autor/ricardoleninalfredofallacarrillo
Hace un día,"
                                        Consejos de Ministros aprobó decreto que permite expulsión de extranjeros que cometan sicariato u homicidio                                    ",https://rpp.pe/politica/actualidad/consejos-de-ministros-aprobo-decreto-que-permite-expulsion-de-extranjeros-que-cometan-sicariato-u-homicidio-noticia-1508524,"
                                        Lima                                    ",https://rpp.pe/politica/actualidad,Sandra Loise Reyes Martinez,https://rpp.pe/autor/sreyes
16:56 hs,"
                  Bryan Reyna optimista tras su regreso a la Selección Peruana: ""Me motiva mucho""              ",https://rpp.pe/futbol/seleccion-peruana/seleccion-peruana-bryan-reyna-optimista-tras-su-regreso-para-las-eliminatorias-noticia-1508508,"
                  Selección Peruana              ",https://rpp.pe/futbol/seleccion-peruana,José Luis Blanco Pagán,https://rpp.pe/autor/jblanco
16:54 hs,"
                  'Saw X' desplaza a 'La Monja 2' y lidera taquilla en el Perú tras su estreno en cines              ",https://rpp.pe/cine/peru/saw-x-desplaza-a-la-monja-2-y-lidera-taquilla-en-el-peru-tras-su-estreno-en-cines-noticia-1508514,"
                  Perú              ",https://rpp.pe/cine/peru,Harold Quispe,https://rpp.pe/autor/hquispe
16:45 hs,"
                  El dólar bordea los S/ 3.80, su nivel más alto en siete meses, ¿qué implica esto?              ",https://rpp.pe/economia/economia/el-dolar-bordea-los-s-380-su-nivel-mas-alto-en-siete-meses-que-implica-esto-noticia-1507998,"
                  Economía              ",https://rpp.pe/economia/economia,Maritza Saenz,https://rpp.pe/autor/msaenz
16:44 hs,"
                  Pedro Valdivia, presunto asesino de joven en una fiesta en Lince, negó acusación durante interrogatorio [VIDEO]              ",https://rpp.pe/lima/policiales-crimenes/pedro-valdivia-presunto-asesino-de-joven-en-una-fiesta-en-lince-fue-interrogado-por-la-policia-video-noticia-1508515,"
                   Policiales / Crímenes              ",https://rpp.pe/lima/policiales-crimenes,Sergio Espinoza,https://rpp.pe/autor/sespinoza
16:35 hs,"
                  TikTok está probando un servicio de suscripción mensual para ver videos sin publicidad              ",https://rpp.pe/tecnologia/apps/tiktok-prueba-servicio-de-suscripcion-para-videos-sin-publicidad-noticia-1508506,"
                  Apps              ",https://rpp.pe/tecnologia/apps,Leonardo Ancajima,https://rpp.pe/autor/lancajima
16:30 hs,"
                  Feriados 2023: ¿cuántos quedan este año y cuánto deben pagarte si trabajas esos días?              ",https://rpp.pe/economia/economia/feriados-2023-cuales-seran-los-dias-libres-de-este-ano-noticia-1457559,"
                  Economía              ",https://rpp.pe/economia/economia,Guadalupe Gamboa,https://rpp.pe/autor/ngamboa
16:30 hs,"
                  Sedapal no puede cobrar servicio de agua los días de corte, indica Sunass              ",https://rpp.pe/economia/economia/sunass-sedapal-no-podra-cobrar-por-dias-que-no-brinde-servicio-de-agua-noticia-1507921,"
                  Economía              ",https://rpp.pe/economia/economia,Guadalupe Gamboa,https://rpp.pe/autor/ngamboa
16:25 hs,"
                  Andrés Salas sobre una posible secuela de '¡Asu mare! Los amigos': ""Ya cumplió un ciclo""              ",https://rpp.pe/cine/peru/asu-mare-los-amigos-andres-salas-descarta-una-posible-secuela-noticia-1508511,"
                  Perú              ",https://rpp.pe/cine/peru,Renzo Napa,https://rpp.pe/autor/rnapa
16:23 hs,"
                  Reino Unido: rayo impacta sobre un tanque de biogás y causa una fuerte explosión en Oxford [VIDEO]              ",https://rpp.pe/mundo/europa/reino-unido-rayo-impacta-sobre-un-tanque-de-biogas-y-causa-una-explosion-en-oxford-noticia-1508507,"
                  Europa              ",https://rpp.pe/mundo/europa,Pedro Luis Ramos Martinez,https://rpp.pe/autor/pramos
15:57 hs,"
                  Juan Reynoso destacó momento goleador de Paolo Guererro: ""Seguirá siendo nuestro capitán""              ",https://rpp.pe/futbol/seleccion-peruana/paolo-guerrero-y-seleccion-peruana-seguira-siendo-nuestro-capitan-senalo-juan-reynoso-noticia-1508489,"
                  Selección Peruana              ",https://rpp.pe/futbol/seleccion-peruana,José Luis Blanco Pagán,https://rpp.pe/autor/jblanco
15:53 hs,"
                  Mario Tajima, de Cantolao, denuncia presunta mafia de apuestas en la Liga 1: ""Estamos indefensos""              ",https://rpp.pe/futbol/descentralizado/cantolao-en-liga-1-mario-tajima-denuncia-presunta-mafia-de-apuestas-noticia-1508390,"
                  Descentralizado              ",https://rpp.pe/futbol/descentralizado,José Luis Blanco Pagán,https://rpp.pe/autor/jblanco
15:42 hs,"
                  'El reventonazo de la chola' vs '¿Cuál es el verdadero?': ¿qué programa lideró el rating el sábado?              ",https://rpp.pe/tv/peru/rating-el-gran-chef-famosos-vs-cual-es-el-verdadero-que-programa-lidero-el-ranking-noticia-1508495,"
                  Perú              ",https://rpp.pe/tv/peru,Brenda García Retamal,https://rpp.pe/autor/bgarcia
15:23 hs,"
                  Apareció y Al Nassr empató: Cristiano Ronaldo anotó de zurda en la Champions de Asia [VIDEO]              ",https://rpp.pe/futbol/futbol-mundial/gol-cristiano-ronaldo-asi-fue-el-gol-de-zurda-en-el-1-1-de-al-nassr-vs-istiklol-noticia-1508491,"
                  Fútbol Mundial              ",https://rpp.pe/futbol/futbol-mundial,José Luis Blanco Pagán,https://rpp.pe/autor/jblanco
15:15 hs,"
                  ¿Qué es la reforma de 'renovación por mitades' y por qué diversas bancadas del Congreso la han planteado?              ",https://rpp.pe/politica/congreso/renovacion-por-mitades-en-el-congreso-que-es-esta-reforma-y-por-que-diversas-bancadas-la-han-planteado-noticia-1507744,"
                  Congreso              ",https://rpp.pe/politica/congreso,Karina Valencia Pantoja,https://rpp.pe/autor/kvalencia
15:14 hs,"
                  Mario Hart anuncia su retorno al reggaetón: ""Porque ustedes lo pidieron""              ",https://rpp.pe/musica/nacional/mario-hart-anuncia-su-retorno-al-reggaeton-porque-ustedes-lo-pidieron-noticia-1508487,"
                  Nacional              ",https://rpp.pe/musica/nacional,Renzo Napa,https://rpp.pe/autor/rnapa
15:12 hs,"
                  James Webb captura estructuras similares a planetas en la Nebulosa de Orión              ",https://rpp.pe/ciencia/espacio/james-webb-captura-estructuras-similares-a-planetas-en-la-nebulosa-de-orion-noticia-1508493,"
                  Espacio              ",https://rpp.pe/ciencia/espacio,Leonardo Ancajima,https://rpp.pe/autor/lancajima
15:12 hs,"
                  Samsung trabaja en su propio servicio de transmisión de juegos para celulares              ",https://rpp.pe/tecnologia/moviles/samsung-trabaja-en-su-propio-servicio-de-transmision-de-juegos-para-celulares-noticia-1508482,"
                  Móviles              ",https://rpp.pe/tecnologia/moviles,Leonardo Ancajima,https://rpp.pe/autor/lancajima
15:12 hs,"
                  El creador de ChatGPT quiere reemplazar a las ‘personas normales’ con inteligencia artificial              ",https://rpp.pe/tecnologia/mas-tecnologia/el-creador-de-chatgpt-quiere-reemplazar-a-las-personas-normales-con-inteligencia-artificial-noticia-1508468,"
                  Más Tecnología              ",https://rpp.pe/tecnologia/mas-tecnologia,Leonardo Ancajima,https://rpp.pe/autor/lancajima
15:12 hs,"
                  Tormenta solar destrozó la cola de un cometa durante su paso por nuestro sistema              ",https://rpp.pe/ciencia/espacio/tormenta-solar-destrozo-la-cola-de-un-cometa-durante-su-paso-por-nuestro-sistema-noticia-1508413,"
                  Espacio              ",https://rpp.pe/ciencia/espacio,Leonardo Ancajima,https://rpp.pe/autor/lancajima
15:12 hs,"
                  Lady Gaga dedica canción 'Born This Way' a víctimas de tiroteo en Las Vegas del 2017              ",https://rpp.pe/musica/internacional/lady-gaga-dedica-cancion-born-this-way-a-victimas-de-tiroteo-en-las-vegas-del-2017-noticia-1508480,"
                  Internacional              ",https://rpp.pe/musica/internacional,Harold Quispe,https://rpp.pe/autor/hquispe
14:51 hs,"
                  Juan Reynoso alista plan para enfrentar a Bolivia en La Paz por las Eliminatorias              ",https://rpp.pe/futbol/seleccion-peruana/juan-reynoso-en-la-seleccion-peruana-alista-plan-para-enfrentar-a-bolivia-en-la-paz-por-las-eliminatorias-noticia-1508473,"
                  Selección Peruana              ",https://rpp.pe/futbol/seleccion-peruana,Erick Chavez,https://rpp.pe/autor/echavez
14:49 hs,"
                  Los iPhone 15 Pro tienen un nuevo problema... con los autos BMW              ",https://rpp.pe/tecnologia/moviles/los-iphone-15-pro-tienen-un-nuevo-problema-con-los-autos-bmw-noticia-1508492,"
                  Móviles              ",https://rpp.pe/tecnologia/moviles,Alberto Nishiyama,https://rpp.pe/autor/anishiyama
14:38 hs,"
                  ""Los estamos esperando"": Reynoso explicó las ausencias de Christian Cueva y Edison Flores en la Selección Peruana              ",https://rpp.pe/futbol/seleccion-peruana/seleccion-peruana-juan-reynoso-explico-las-ausencias-de-christian-cueva-y-edison-flores-noticia-1508474,"
                  Selección Peruana              ",https://rpp.pe/futbol/seleccion-peruana,José Luis Blanco Pagán,https://rpp.pe/autor/jblanco
14:37 hs,"
                  ""Un viaje a la felicidad"": Yarita Lizeth y su esposo se van de luna de miel              ",https://rpp.pe/famosos/farandula/yarita-lizeth-y-su-esposo-se-van-de-luna-de-miel-un-viaje-a-la-felicidad-noticia-1508479,"
                  Farándula              ",https://rpp.pe/famosos/farandula,Brenda García Retamal,https://rpp.pe/autor/bgarcia
14:15 hs,"
                  Encuesta del Poder 2023: ""Primera vez que un premier equipara el poder de un jefe de Estado"", afirma Diego Chirinos              ",https://rpp.pe/politica/gobierno/encuesta-del-poder-2023-primera-vez-que-un-premier-equipara-el-poder-de-un-jefe-de-estado-afirma-diego-chirinos-noticia-1508466,"
                  Gobierno              ",https://rpp.pe/politica/gobierno,Luis Felipe Rodriguez Jimenez,https://rpp.pe/autor/lrodriguez
14:08 hs,"
                  Precio del dólar: ¿en cuánto cerró el billete verde hoy 02 de octubre?              ",https://rpp.pe/economia/economia/precio-del-dolar-en-cuanto-cerro-el-billete-verde-hoy-02-de-octubre-noticia-1508485,"
                  Economía              ",https://rpp.pe/economia/economia,Maritza Saenz,https://rpp.pe/autor/msaenz
13:52 hs,"
                  Yahaira Plasencia felicitó a Daniela Darcourt por nominación a los Latin Grammy: ""Merecido lo tiene""              ",https://rpp.pe/famosos/celebridades/yahaira-plasencia-felicito-a-daniela-darcourt-por-nominacion-a-los-latin-grammy-merecido-lo-tiene-noticia-1508455,"
                  Celebridades              ",https://rpp.pe/famosos/celebridades,Harold Quispe,https://rpp.pe/autor/hquispe
13:48 hs,"
                  Reynoso confirmó presencia de André Carrillo en Eliminatorias: ""Ante Argentina está 100% confirmado""              ",https://rpp.pe/futbol/seleccion-peruana/juan-reynoso-sobre-convocatoria-de-andre-carrillo-estara-en-los-partidos-por-eliminatorias-sudamericanas-noticia-1508452,"
                  Selección Peruana              ",https://rpp.pe/futbol/seleccion-peruana,Erick Chavez,https://rpp.pe/autor/echavez
13:43 hs,"
                  Flavia Laos revela por qué le dijo ""no"" a 'El Gran Chef Famosos'              ",https://rpp.pe/famosos/farandula/el-gran-chef-famosos-flavia-laos-revela-por-que-le-dijo-no-al-reality-de-cocina-noticia-1508462,"
                  Farándula              ",https://rpp.pe/famosos/farandula,Brenda García Retamal,https://rpp.pe/autor/bgarcia
13:14 hs,"
                  Hombre graba a personal de centro de salud en una fiesta luego de que negaran atención a su esposa en Arequipa              ",https://rpp.pe/peru/arequipa/arequipa-hombre-graba-a-personal-de-centro-de-salud-en-una-fiesta-luego-de-que-negaran-atencion-a-su-esposa-noticia-1508470,"
                  Arequipa              ",https://rpp.pe/peru/arequipa,Sandra Loise Reyes Martinez,https://rpp.pe/autor/sreyes
13:13 hs,"
                  Juan Reynoso sobre convocatoria de Oliver Sonne: ""Ya cumplió el tema de papeles""              ",https://rpp.pe/futbol/seleccion-peruana/seleccion-peruana-juan-reynoso-sobre-convocatoria-de-oliver-sonne-ya-cumplio-el-tema-de-papeles-noticia-1508460,"
                  Selección Peruana              ",https://rpp.pe/futbol/seleccion-peruana,José Luis Blanco Pagán,https://rpp.pe/autor/jblanco
13:09 hs,"
                  Sedapal podría ser multado con más de S/ 2 millones              ",https://rpp.pe/economia/economia/sedapal-podria-ser-multado-con-mas-de-2-millones-de-soles-noticia-1508472,"
                  Economía              ",https://rpp.pe/economia/economia,Guadalupe Gamboa,https://rpp.pe/autor/ngamboa
13:00 hs,"
                  Conferencia de Juan Reynoso: Christian Cueva y Edison Flores ausentes en lista de convocados del torneo local              ",https://rpp.pe/futbol/seleccion-peruana/conferencia-de-juan-reynoso-en-vivo-en-directo-fpf-play-seleccion-peruana-convocatoria-noticia-1508308,"
                  Selección Peruana              ",https://rpp.pe/futbol/seleccion-peruana,José Luis Blanco Pagán,https://rpp.pe/autor/jblanco
12:38 hs,"
                  Detector de Mentiras | Alejandro Cavero: ""Yo no veo ninguna película [peruana] que haya ganado absolutamente nada""              ",https://rpp.pe/politica/congreso/detector-de-mentiras-alejandro-cavero-yo-no-veo-ninguna-pelicula-peruana-que-haya-ganado-absolutamente-nada-noticia-1508407,"
                  Congreso              ",https://rpp.pe/politica/congreso,,
12:38 hs,"
                  ¿Qué sucede si construimos sobre un terreno cedido por familiares?              ",https://rpp.pe/lima/actualidad/que-sucede-si-construimos-sobre-un-terreno-cedido-por-familiares-noticia-1508331,"
                  Lima              ",https://rpp.pe/lima/actualidad,Rocío Vicente,https://rpp.pe/autor/vicentroext
12:20 hs,"
                  Brecha de agua en Piura podría cerrarse solo con el 25% del dinero solicitado por Petroperú al Estado              ",https://rpp.pe/economia/economia/petroperu-piura-25-de-los-recursos-solicitados-por-petrolera-podrian-cerrar-brecha-de-agua-noticia-1508464,"
                  Economía              ",https://rpp.pe/economia/economia,Guadalupe Gamboa,https://rpp.pe/autor/ngamboa
12:20 hs,"
                  PJ ordenó detención preliminar para presunto autor del asesinato en fiesta donde participó Rosselli Amuruz              ",https://rpp.pe/politica/judiciales/rosselli-amuruz-dictan-detencion-preliminar-a-presunto-autor-del-asesinato-en-fiesta-donde-particio-congresista-noticia-1508456,"
                  Judiciales              ",https://rpp.pe/politica/judiciales,Jair Zevallos Morón,https://rpp.pe/autor/jzevallos
12:11 hs,"
                  Pedro Yaranga destaca captura en el Vraem: ""Estamos hablando del hijo preferido de la camarada 'Vilma'""              ",https://rpp.pe/peru/actualidad/pedro-yaranga-destaca-captura-en-el-vraem-estamos-hablando-del-hijo-preferido-de-la-camarada-vilma-noticia-1508439,"
                  Actualidad              ",https://rpp.pe/peru/actualidad,José Flores,https://rpp.pe/autor/jflores
12:10 hs,"
                  PNP lanzó aplicación móvil 'Mi Policía Digital' para reportar incidentes: ¿cómo funciona?              ",https://rpp.pe/peru/actualidad/pnp-lanzo-aplicacion-movil-mi-policia-digital-para-reportar-incidentes-como-funciona-noticia-1508438,"
                  Actualidad              ",https://rpp.pe/peru/actualidad,Andrés Gallegos,https://rpp.pe/autor/agallegos
12:07 hs,"
                  El metaverso podría acercarnos a seres queridos que ya no están entre nosotros              ",https://rpp.pe/tecnologia/facebook/el-metaverso-podria-acercarnos-a-seres-queridos-que-ya-no-estan-entre-nosotros-noticia-1508448,"
                  Facebook              ",https://rpp.pe/tecnologia/facebook,Alberto Nishiyama,https://rpp.pe/autor/anishiyama
12:00 hs,"
                  Karina Rivera y Orlando Fundichely celebran el nacimiento de su nieta con emotivo abrazo [VIDEO]              ",https://rpp.pe/famosos/farandula/karina-rivera-y-orlando-fundichely-celebran-el-nacimiento-de-su-nieta-con-emotivo-video-noticia-1508414,"
                  Farándula              ",https://rpp.pe/famosos/farandula,Harold Quispe,https://rpp.pe/autor/hquispe
11:54 hs,"
                  Cluber Aliaga consideró que bandas de trata de personas en Lince podrían tener cómplices en la Policía y autoridades              ",https://rpp.pe/lima/policiales-crimenes/cluber-aliaga-considero-que-bandas-de-trata-de-personas-en-lince-podrian-tener-complices-en-la-policia-y-autoridades-noticia-1508412,"
                   Policiales / Crímenes              ",https://rpp.pe/lima/policiales-crimenes,Luis Felipe Rodriguez Jimenez,https://rpp.pe/autor/lrodriguez
11:49 hs,"
                  Chiclayo: padres de familia tomaron colegio de Tumán para exigir mejoras de infraestructura [VIDEO]              ",https://rpp.pe/peru/lambayeque/chiclayo-padres-de-familia-tomaron-colegio-de-tuman-para-exigir-mejoras-de-infraestructura-noticia-1508426,"
                  Lambayeque              ",https://rpp.pe/peru/lambayeque,Sandra Loise Reyes Martinez,https://rpp.pe/autor/sreyes
11:42 hs,"
                  Barcelona vs. Real Madrid: cuándo y a qué hora se juega el primer Clásico de la temporada 2023-24 en LaLiga              ",https://rpp.pe/futbol/futbol-mundial/barcelona-vs-real-madrid-cuando-y-a-que-hora-se-juega-el-primer-clasico-2023-24-en-laliga-noticia-1508423,"
                  Fútbol Mundial              ",https://rpp.pe/futbol/futbol-mundial,José Luis Blanco Pagán,https://rpp.pe/autor/jblanco
11:37 hs,"
                  Gobiernos regionales han usado menos de la mitad de su presupuesto para obras              ",https://rpp.pe/economia/economia/gobiernos-regionales-han-usado-menos-de-la-mitad-de-su-presupuesto-para-obras-noticia-1508450,"
                  Economía              ",https://rpp.pe/economia/economia,Guadalupe Gamboa,https://rpp.pe/autor/ngamboa
11:33 hs,"
                  Selección Peruana: ¿qué partidos le restan este año en las Eliminatorias Sudamericanas?              ",https://rpp.pe/futbol/seleccion-peruana/seleccion-peruana-que-partidos-le-restan-este-ano-en-las-eliminatorias-sudamericanas-noticia-1508405,"
                  Selección Peruana              ",https://rpp.pe/futbol/seleccion-peruana,José Luis Blanco Pagán,https://rpp.pe/autor/jblanco
11:28 hs,"
                  China se llevó la primera medalla olímpica de oro de Dota 2              ",https://rpp.pe/videojuegos/esports/dota-2-china-se-llevo-primera-medalla-olimpica-noticia-1508432,"
                  eSports              ",https://rpp.pe/videojuegos/esports,Leonardo Ancajima,https://rpp.pe/autor/lancajima
11:21 hs,"
                  Daniel Soria cuestionó informe de la Contraloría que reveló incumplimiento de requisitos para el cargo que ocupa              ",https://rpp.pe/politica/judiciales/daniel-soria-cuestiono-informe-de-la-contraloria-que-revelo-incumplimiento-de-requisitos-para-el-cargo-que-ocupa-noticia-1508378,"
                  Judiciales              ",https://rpp.pe/politica/judiciales,Jair Zevallos Morón,https://rpp.pe/autor/jzevallos
11:18 hs,"
                  Luis Mesa, el despiadado Daniel Valencia, confirma que no estará en la nueva versión de 'Betty, la fea'              ",https://rpp.pe/tv/streaming/luis-mesa-el-despiadado-daniel-valencia-confirma-que-no-estara-en-la-nueva-version-de-betty-la-fea-noticia-1508379,"
                  Streaming              ",https://rpp.pe/tv/streaming,Renzo Napa,https://rpp.pe/autor/rnapa
11:16 hs,"
                  Policías estarían implicados en cobros de entradas a mina ilegal en La Libertad, según hipótesis de Fiscalía              ",https://rpp.pe/peru/actualidad/policias-estarian-implicados-en-cobros-de-entradas-a-mina-ilegal-en-la-libertad-segun-hipotesis-de-fiscalia-noticia-1508421,"
                  Actualidad              ",https://rpp.pe/peru/actualidad,Ego Agurto,https://rpp.pe/autor/eagurto
11:15 hs,"
                  X revela una alianza con Paris Hilton para promocionar sus nuevos productos y servicios              ",https://rpp.pe/tecnologia/twitter/x-revela-una-alianza-con-paris-hilton-para-promocionar-sus-nuevos-productos-y-servicios-noticia-1508431,"
                  Twitter              ",https://rpp.pe/tecnologia/twitter,Alberto Nishiyama,https://rpp.pe/autor/anishiyama
10:43 hs,"
                  ¿Mi hijo tiene anemia? Conoce qué factores pueden causar esta enfermedad, además de la deficiencia de hierro              ",https://rpp.pe/campanas/valor-compartido/mi-hijo-tiene-anemia-conoce-que-factores-pueden-causar-esta-enfermedad-ademas-de-la-deficiencia-de-hierro-noticia-1508419,"
                  Valor Compartido              ",https://rpp.pe/campanas/valor-compartido,,
10:40 hs,"
                  Ciberdelincuencia e Inteligencia Artificial ¿Puede el Perú defenderse ante estas amenazas digitales?              ",https://rpp.pe/tecnologia/mas-tecnologia/ciberdelincuencia-e-inteligencia-artificial-en-peru-2023-noticia-1508418,"
                  Más Tecnología              ",https://rpp.pe/tecnologia/mas-tecnologia,Jesús Veliz Delgado,https://rpp.pe/autor/jveliz
10:38 hs,"
                  Combustibles, entre los productos que más subieron de precio              ",https://rpp.pe/economia/economia/combustibles-entre-los-productos-que-mas-subieron-de-precio-noticia-1508425,"
                  Economía              ",https://rpp.pe/economia/economia,Guadalupe Gamboa,https://rpp.pe/autor/ngamboa
10:05 hs,"
                  Comas: hombre es capturado en el momento en el que robaba productos de una bodega              ",https://rpp.pe/lima/seguridad/comas-hombre-es-capturado-en-el-momento-en-el-que-robaba-productos-de-una-bodega-noticia-1508367,"
                  Seguridad              ",https://rpp.pe/lima/seguridad,Jair Zevallos Morón,https://rpp.pe/autor/jzevallos
10:04 hs,"
                  Beyoncé deslumbra con tráiler de película basada en su última gira 'Renaissance World tour'              ",https://rpp.pe/cine/internacional/beyonce-deslumbra-con-trailer-de-pelicula-basada-en-su-ultima-gira-renaissance-world-tour-noticia-1508386,"
                  Internacional              ",https://rpp.pe/cine/internacional,Harold Quispe,https://rpp.pe/autor/hquispe
10:03 hs,"
                  Arequipa: Fiscalía solicitó nueve meses de prisión preventiva para presunto asesino de estudiante              ",https://rpp.pe/peru/arequipa/arequipa-fiscalia-solicito-nueve-meses-de-prision-preventiva-para-presunto-asesino-de-estudiante-noticia-1508400,"
                  Arequipa              ",https://rpp.pe/peru/arequipa,Sandra Loise Reyes Martinez,https://rpp.pe/autor/sreyes
09:43 hs,"
                  Google lanza la marca Chromebook Plus para unir a la inteligencia artificial con laptops asequibles              ",https://rpp.pe/tecnologia/google/google-chromebook-plus-lleva-la-ia-a-precios-asequibles-noticia-1508394,"
                  Google              ",https://rpp.pe/tecnologia/google,Leonardo Ancajima,https://rpp.pe/autor/lancajima
09:41 hs,"
                  Airbnb utiliza la IA en su guerra contra las fiestas en las propiedades en alquiler              ",https://rpp.pe/tecnologia/apps/airbnb-utiliza-la-ia-en-su-guerra-contra-las-fiestas-en-las-propiedades-en-alquiler-noticia-1508397,"
                  Apps              ",https://rpp.pe/tecnologia/apps,Alberto Nishiyama,https://rpp.pe/autor/anishiyama
09:30 hs,"
                  Inflación: ¿cuáles fueron los productos que más subieron en septiembre?              ",https://rpp.pe/economia/economia/inflacion-cuales-fueron-los-productos-que-mas-subieron-en-septiembre-noticia-1508411,"
                  Economía              ",https://rpp.pe/economia/economia,,
09:10 hs,"
                  El monopatín eléctrico Onewheel es retirado del mercado tras accidentes mortales              ",https://rpp.pe/tecnologia/mas-tecnologia/el-monopatin-electrico-onewheel-es-retirado-del-mercado-tras-accidentes-mortales-noticia-1508387,"
                  Más Tecnología              ",https://rpp.pe/tecnologia/mas-tecnologia,Alberto Nishiyama,https://rpp.pe/autor/anishiyama
09:05 hs,"
                  El eterno estudiante              ",https://rpp.pe/columnistas/percymarquinafeldman/el-eterno-estudiante-noticia-1508388,"
                  Percy Marquina Feldman              ",https://rpp.pe/columnistas/percymarquinafeldman,Percy Marquina Feldman,https://rpp.pe/autor/pmarquinafeldman
09:03 hs,"
                  El probable once que mandaría Jorge Fossati para el Universitario vs UTC en el Monumental [FOTOS]              ",https://rpp.pe/futbol/descentralizado/universitario-vs-utc-el-once-crema-para-el-duelo-de-fecha-17-del-torneo-clausura-noticia-1508377,"
                  Descentralizado              ",https://rpp.pe/futbol/descentralizado,José Luis Blanco Pagán,https://rpp.pe/autor/jblanco
08:45 hs,"
                  Fundador de la quebrada casa de criptomonedas FTX quería comprar Twitter junto a Elon Musk              ",https://rpp.pe/tecnologia/mas-tecnologia/ftx-fundador-queria-comprar-twitter-junto-a-elon-musk-noticia-1508380,"
                  Más Tecnología              ",https://rpp.pe/tecnologia/mas-tecnologia,Leonardo Ancajima,https://rpp.pe/autor/lancajima
08:45 hs,"
                  Debate presidencial en Argentina, por Fernando Carvallo [COLUMNA]              ",https://rpp.pe/mundo/argentina/debate-presidencial-en-argentina-por-fernando-carvallo-columna-noticia-1508447,"
                  Argentina              ",https://rpp.pe/mundo/argentina,Fernando Carvallo,https://rpp.pe/autor/fcarvallo
08:36 hs,"
                  Muere Cecilia Priego, actriz mexicana de 'La reina del sur', a los 36 años              ",https://rpp.pe/famosos/celebridades/cecilia-priego-actriz-mexicana-de-la-reina-del-sur-muere-a-los-36-anos-noticia-1508370,"
                  Celebridades              ",https://rpp.pe/famosos/celebridades,Harold Quispe,https://rpp.pe/autor/hquispe
08:30 hs,"
                  López Aliaga sobre funcionario de la MML investigado por presunto peculado: ""Quiero conversar con él y pedir su versión""              ",https://rpp.pe/politica/actualidad/rafael-lopez-aliaga-alcalde-de-lima-anuncia-reunion-con-funcionario-investigado-por-presunto-peculado-noticia-1508335,"
                  Lima              ",https://rpp.pe/politica/actualidad,Pedro Luis Ramos Martinez,https://rpp.pe/autor/pramos
08:25 hs,"
                  Lambayeque: trasportistas piden que se retire la basura que hay en la vía Chiclayo- San José              ",https://rpp.pe/peru/lambayeque/lambayeque-trasportistas-piden-que-se-retire-la-basura-que-hay-en-la-via-chiclayo-san-jose-noticia-1508375,"
                  Lambayeque              ",https://rpp.pe/peru/lambayeque,Sandra Loise Reyes Martinez,https://rpp.pe/autor/sreyes
08:22 hs,"
                  Hasta 50°C de sensación térmica: provincias de Loreto alcanzaron temperaturas históricas de calor              ",https://rpp.pe/peru/loreto/provincias-de-loreto-alcanzaron-temperaturas-historicas-de-calor-hasta-500c-de-sensacion-termica-noticia-1508371,"
                  Loreto              ",https://rpp.pe/peru/loreto,Luis Felipe Rodriguez Jimenez,https://rpp.pe/autor/lrodriguez
08:21 hs,"
                  El fútbol no para: conoce cómo se jugará la fecha 17 del Torneo Clausura              ",https://rpp.pe/futbol/descentralizado/liga-1-conoce-como-se-jugara-la-antepenultima-fecha-del-torneo-clausura-noticia-1508365,"
                  Descentralizado              ",https://rpp.pe/futbol/descentralizado,José Luis Blanco Pagán,https://rpp.pe/autor/jblanco
08:18 hs,"
                  Gérard Depardieu rechaza acusaciones de violación sexual y afirma sufrir un ""linchamiento"" mediático              ",https://rpp.pe/famosos/celebridades/gerard-depardieu-rechaza-acusaciones-de-violacion-sexual-y-afirma-sufrir-un-linchamiento-mediatico-noticia-1508373,"
                  Celebridades              ",https://rpp.pe/famosos/celebridades,Renzo Napa,https://rpp.pe/autor/rnapa
08:09 hs,"
                  ¿Multas por usar IPTV? La Unión Europea quiere tener registrado a sus usuarios para sancionarlos              ",https://rpp.pe/tecnologia/mas-tecnologia/iptv-union-europea-quiere-registro-de-usuarios-para-sancionarlos-noticia-1508369,"
                  Más Tecnología              ",https://rpp.pe/tecnologia/mas-tecnologia,Leonardo Ancajima,https://rpp.pe/autor/lancajima
08:09 hs,"
                  Edge se despide de WWE y debuta a lo grande en la compañía rival AEW              ",https://rpp.pe/lucha/wwe/edge-deja-wwe-y-debuta-en-la-compania-rival-aew-noticia-1508374,"
                  WWE              ",https://rpp.pe/lucha/wwe,Leonardo Ancajima,https://rpp.pe/autor/lancajima
07:39 hs,"
                  Inflación se desacelera y está en su menor nivel desde el 2021              ",https://rpp.pe/economia/economia/inflacion-se-desacelera-y-esta-en-su-menor-nivel-desde-el-2021-noticia-1508376,"
                  Economía              ",https://rpp.pe/economia/economia,Guadalupe Gamboa,https://rpp.pe/autor/ngamboa
07:18 hs,"
                  Precio del dólar: Tipo de cambio durante la mañana de hoy, 2 de octubre              ",https://rpp.pe/economia/economia/precio-del-dolar-peru-tipo-de-cambio-durante-la-manana-de-hoy-2-de-octubre-noticia-1508368,"
                  Economía              ",https://rpp.pe/economia/economia,Guadalupe Gamboa,https://rpp.pe/autor/ngamboa
06:55 hs,"
                  Comisión de Ética del Congreso evaluará hoy tres denuncias contra Alejandro Soto              ",https://rpp.pe/politica/congreso/comisio-de-etica-del-congreso-evaluara-hoy-tres-denuncias-contra-alejandro-soto-noticia-1508364,"
                  Congreso              ",https://rpp.pe/politica/congreso,Jair Zevallos Morón,https://rpp.pe/autor/jzevallos
06:47 hs,"
                  Milei vs Massa, el principal duelo de un debate presidencial sin vencedores en Argentina              ",https://rpp.pe/mundo/argentina/milei-vs-massa-el-principal-duelo-de-un-debate-presidencial-sin-vencedores-en-argentina-noticia-1508366,"
                  Argentina              ",https://rpp.pe/mundo/argentina,,
06:44 hs,"
                  Partidos de hoy, lunes 2 de octubre: conoce la programación de la fecha              ",https://rpp.pe/futbol/futbol-mundial/partidos-de-hoy-peru-2-de-octubre-del-2023-resultados-y-canales-de-tv-futbol-en-vivo-noticia-1508342,"
                  Fútbol Mundial              ",https://rpp.pe/futbol/futbol-mundial,,
06:21 hs,"
                  Presuntos sicarios asesinan a balazos a un hombre dentro de un mototaxi en Puente Piedra              ",https://rpp.pe/lima/seguridad/puente-piedra-sicarios-asesinan-a-balazos-a-un-hombre-dentro-de-un-mototaxi-noticia-1508362,"
                  Seguridad              ",https://rpp.pe/lima/seguridad,Jair Zevallos Morón,https://rpp.pe/autor/jzevallos
05:50 hs,"
                  Diez muertos y 60 heridos tras el colapso del techo de una iglesia durante una misa en México              ",https://rpp.pe/mundo/latinoamerica/mexico-techo-de-iglesia-colapsa-y-mueren-10-personas-en-tamaulipas-noticia-1508363,"
                  Latinoamerica              ",https://rpp.pe/mundo/latinoamerica,,
